title,soldprice,solddate,bids,link
Pokemon Championâ€™s Path Charizard V SWSH050 Promo Card Sealed PSA 10 MINT,18.5,"Sold  Jan 17, 2021Sold Item",9 bids,https://www.ebay.com/itm/Pokemon-Champion-s-Path-Charizard-V-SWSH050-Promo-Card-Sealed-PSA-10-MINT/265017152724?hash=item3db440d4d4%3Ag%3A2GAAAOSwKy1f-7dD&LH_Auction=1
New ListingPokemon XY Evolutions Charizard 11/108 Rare Holo Card + RC5/RC32 XY Generations,80.0,"Sold  Jan 17, 2021Sold Item",1 bid,https://www.ebay.com/itm/Pokemon-XY-Evolutions-Charizard-11-108-Rare-Holo-Card-RC5-RC32-XY-Generations/274651157571?hash=item3ff27c1443%3Ag%3AcngAAOSwiiNgBPYK&LH_Auction=1
Charizard 4/130 Base Set 2 Holo Pokemon Card played/damaged,102.5,"Sold  Jan 17, 2021Sold Item",10 bids,https://www.ebay.com/itm/Charizard-4-130-Base-Set-2-Holo-Pokemon-Card-played-damaged/373424731491?hash=item56f1d93563%3Ag%3AgkcAAOSwOqtf-9ui&LH_Auction=1
ðŸ”¥ðŸ”¥ðŸ”¥ DARK CHARIZARD NON HOLO EVO SET VINTAGE POKEMON CARDS TEAM ROCKET LP-MP ,45.0,"Sold  Jan 17, 2021Sold Item",6 bids,https://www.ebay.com/itm/DARK-CHARIZARD-NON-HOLO-EVO-SET-VINTAGE-POKEMON-CARDS-TEAM-ROCKET-LP-MP/203250512564?hash=item2f52acb2b4%3Ag%3AyzgAAOSwF65gARpF&LH_Auction=1
Charizard 19/113 Legendary Treasures 2013 - Holo Rare Pokemon Card NM/LP,30.0,"Sold  Jan 17, 2021Sold Item",1 bid,https://www.ebay.com/itm/Charizard-19-113-Legendary-Treasures-2013-Holo-Rare-Pokemon-Card-NM-LP/353356320455?hash=item5245ad8ec7%3Ag%3AYD8AAOSwWu1f76bG&LH_Auction=1
Mega M Charizard EX 101/108 Ultra Rare XY Evolutions Pokemon Card,48.0,"Sold  Jan 17, 2021Sold Item",7 bids,https://www.ebay.com/itm/Mega-M-Charizard-EX-101-108-Ultra-Rare-XY-Evolutions-Pokemon-Card/224312219770?hash=item343a0cd87a%3Ag%3AIw4AAOSw4Q1f-9Cd&LH_Auction=1
"Huge Charizard V Full Art Promo Card Pokemon Champion's Path, Holos, Codes Lot",40.0,"Sold  Jan 17, 2021Sold Item",13 bids,https://www.ebay.com/itm/Huge-Charizard-V-Full-Art-Promo-Card-Pokemon-Champions-Path-Holos-Codes-Lot/164638635049?hash=item26553a3429%3Ag%3AbR4AAOSwmx9f57UR&LH_Auction=1
Pokemon Champions Path Charizard V SWSH050 Promo Full Art Card Sealed Mint ,20.5,"Sold  Jan 17, 2021Sold Item",14 bids,https://www.ebay.com/itm/Pokemon-Champions-Path-Charizard-V-SWSH050-Promo-Full-Art-Card-Sealed-Mint/254831484657?hash=item3b5523def1%3Ag%3AaoIAAOSwEtdf-84r&LH_Auction=1
5X Pokemon Champions Path ETB Charizard Vmax 65 Card Sleeves -325 Lot Set SEALED,20.0,"Sold  Jan 17, 2021Sold Item",13 bids,https://www.ebay.com/itm/5X-Pokemon-Champions-Path-ETB-Charizard-Vmax-65-Card-Sleeves-325-Lot-Set-SEALED/224305202083?hash=item3439a1c3a3%3Ag%3AZpEAAOSw04dfeHzM&LH_Auction=1
PSA- 9 Pokemon XY Evolutions Charizard 11/108 Rare Reverse Holo Card,155.97,"Sold  Jan 17, 2021Sold Item",1 bid,https://www.ebay.com/itm/PSA-9-Pokemon-XY-Evolutions-Charizard-11-108-Rare-Reverse-Holo-Card/174591406511?hash=item28a67571af%3Ag%3AtyUAAOSws19f7i-W&LH_Auction=1
PSA 10 Pokemon Champions Path Secret Rare Shiny Charizard V Card  79/73 079/073,671.0,"Sold  Jan 17, 2021Sold Item",35 bids,https://www.ebay.com/itm/PSA-10-Pokemon-Champions-Path-Secret-Rare-Shiny-Charizard-V-Card-79-73-079-073/333855943125?hash=item4dbb5d69d5%3Ag%3AOfoAAOSwG4Bf%7EocZ&LH_Auction=1
Charizard | Base set 4/102 | PokemonÂ card - Unlimited Holo Foil - Near Mint PSA?,560.0,"Sold  Jan 17, 2021Sold Item",47 bids,https://www.ebay.com/itm/Charizard-Base-set-4-102-Pokemon-card-Unlimited-Holo-Foil-Near-Mint-PSA/254833411349?hash=item3b55414515%3Ag%3AtdoAAOSwt4Nf-3gt&LH_Auction=1
Pokemon XY Evolutions Charizard 11/108 Rare Holo Card,177.5,"Sold  Jan 17, 2021Sold Item",44 bids,https://www.ebay.com/itm/Pokemon-XY-Evolutions-Charizard-11-108-Rare-Holo-Card/402641289599?hash=item5dbf4a817f%3Ag%3A73cAAOSwbRhf-7MB&LH_Auction=1
10x Pokemon Champions Path ETB Charizard Vmax 65 Card Sleeves -650ct SEALED,20.5,"Sold  Jan 17, 2021Sold Item",16 bids,https://www.ebay.com/itm/10x-Pokemon-Champions-Path-ETB-Charizard-Vmax-65-Card-Sleeves-650ct-SEALED/402641273031?hash=item5dbf4a40c7%3Ag%3Aa7IAAOSweAlf3lvM&LH_Auction=1
Charizard V Promo SWSH050 Champions Path BGS 9.5 Gem Mint Pokemon Card PSA 10!,86.0,"Sold  Jan 17, 2021Sold Item",3 bids,https://www.ebay.com/itm/Charizard-V-Promo-SWSH050-Champions-Path-BGS-9-5-Gem-Mint-Pokemon-Card-PSA-10/393094322068?hash=item5b863f5794%3Ag%3AuFsAAOSwUEFf%7EmLm&LH_Auction=1
Pokemon Card  CHARIZARD V  Ultra Rare 019/189 DARKNESS ABLAZE *MINT* 19/189,10.4,"Sold  Jan 17, 2021Sold Item",2 bids,https://www.ebay.com/itm/Pokemon-Card-CHARIZARD-V-Ultra-Rare-019-189-DARKNESS-ABLAZE-MINT-19-189/154287054046?hash=item23ec399cde%3Ag%3AKu4AAOSwVu1f8rLK&LH_Auction=1
SHINING Charizard |107/105 Neo Destiny | Holo Secret Pokemon Card NM PSA,1495.0,"Sold  Jan 17, 2021Sold Item",46 bids,https://www.ebay.com/itm/SHINING-Charizard-107-105-Neo-Destiny-Holo-Secret-Pokemon-Card-NM-PSA/233857626194?hash=item3673003052%3Ag%3A7iIAAOSw3Zpf8Vj3&LH_Auction=1
Champions Path Charizard V Pokemon Full Art Black Star Promo Card SWSH050 NEW,14.49,"Sold  Jan 17, 2021Sold Item",12 bids,https://www.ebay.com/itm/Champions-Path-Charizard-V-Pokemon-Full-Art-Black-Star-Promo-Card-SWSH050-NEW/265009237876?hash=item3db3c80f74%3Ag%3AIN4AAOSwILpf-2%7Ea&LH_Auction=1
SHADOWLESS Charizard | 4/102 | 1999 Base Set Authentic Holo Rare Pokemon Card,2650.0,"Sold  Jan 17, 2021Sold Item",27 bids,https://www.ebay.com/itm/SHADOWLESS-Charizard-4-102-1999-Base-Set-Authentic-Holo-Rare-Pokemon-Card/233857625130?hash=item3673002c2a%3Ag%3ALeUAAOSwGc5f%7EmLN&LH_Auction=1
Charizard 3/110 Legendary Collection Set Ultra Rare Reverse Holo Pokemon Card,177.5,"Sold  Jan 17, 2021Sold Item",5 bids,https://www.ebay.com/itm/Charizard-3-110-Legendary-Collection-Set-Ultra-Rare-Reverse-Holo-Pokemon-Card/402638685907?hash=item5dbf22c6d3%3Ag%3AAeYAAOSw97df4nUK&LH_Auction=1
Pokemon Card Reshiram & Charizard GX 20/214 Unbroken Bonds Full Art Ultra Rare,13.5,"Sold  Jan 17, 2021Sold Item",19 bids,https://www.ebay.com/itm/Pokemon-Card-Reshiram-Charizard-GX-20-214-Unbroken-Bonds-Full-Art-Ultra-Rare/203246555415?hash=item2f52705117%3Ag%3AfKkAAOSwIjdf%7EmE9&LH_Auction=1
Charizard VMAX 020/189 Holo Ultra-Rare Darkness Ablaze Pokemon Card - PACK FRESH,96.0,"Sold  Jan 17, 2021Sold Item",13 bids,https://www.ebay.com/itm/Charizard-VMAX-020-189-Holo-Ultra-Rare-Darkness-Ablaze-Pokemon-Card-PACK-FRESH/154290029944?hash=item23ec670578%3Ag%3ADasAAOSwurxf%7EmEk&LH_Auction=1
New ListingCharizard 19/113 Legendary Treasures Holo Rare Pokemon Card! NM - Alt Holo,30.0,"Sold  Jan 17, 2021Sold Item",1 bid,https://www.ebay.com/itm/Charizard-19-113-Legendary-Treasures-Holo-Rare-Pokemon-Card-NM-Alt-Holo/184625943706?hash=item2afc90549a%3Ag%3AnSgAAOSweUtgBPVi&LH_Auction=1
Pokemon Base Set Charizard 4/102 Holographic Rare Card In good Condition,147.5,"Sold  Jan 17, 2021Sold Item",7 bids,https://www.ebay.com/itm/Pokemon-Base-Set-Charizard-4-102-Holographic-Rare-Card-In-good-Condition/233855050319?hash=item3672d8e24f%3Ag%3An%7EEAAOSwAXhf-7w1&LH_Auction=1
Pokemon XY Evolutions Charizard 11/108 Rare Holo And Reverse Holo Card Lot of 3,244.5,"Sold  Jan 17, 2021Sold Item",30 bids,https://www.ebay.com/itm/Pokemon-XY-Evolutions-Charizard-11-108-Rare-Holo-And-Reverse-Holo-Card-Lot-of-3/393091473833?hash=item5b8613e1a9%3Ag%3AXLoAAOSw4wdf9yXD&LH_Auction=1
Charizard GX Pokemon Card 9/68 Hidden Fates Ultra Rare - Excellent Condition!,10.02,"Sold  Jan 17, 2021Sold Item",13 bids,https://www.ebay.com/itm/Charizard-GX-Pokemon-Card-9-68-Hidden-Fates-Ultra-Rare-Excellent-Condition/114624273502?hash=item1ab0239c5e%3Ag%3Ax28AAOSwiBhf-7pU&LH_Auction=1
Charizard 14/181 Team Up Pokemon Card Ultra RARE,7.0,"Sold  Jan 17, 2021Sold Item",1 bid,https://www.ebay.com/itm/Charizard-14-181-Team-Up-Pokemon-Card-Ultra-RARE/233855036754?hash=item3672d8ad52%3Ag%3AU5EAAOSwOgdf-7gS&LH_Auction=1
Charizard Holo Rare Platinum Arceus 2009 Pokemon Card LP-MP 1/99,15.5,"Sold  Jan 17, 2021Sold Item",8 bids,https://www.ebay.com/itm/Charizard-Holo-Rare-Platinum-Arceus-2009-Pokemon-Card-LP-MP-1-99/383897782549?hash=item5962174915%3Ag%3ADuYAAOSwp5Bf-6%7E3&LH_Auction=1
Pokemon Cards Amazing Rare Lot And Rev Rare Charizard NM/M Vivid Voltage,40.0,"Sold  Jan 17, 2021Sold Item",14 bids,https://www.ebay.com/itm/Pokemon-Cards-Amazing-Rare-Lot-And-Rev-Rare-Charizard-NM-M-Vivid-Voltage/233860046651?hash=item3673251f3b%3Ag%3AgGMAAOSwoTNgAPWe&LH_Auction=1
2003 Charizard 146/144 Skyridge Crystal Holo Pokemon Card,1035.0,"Sold  Jan 17, 2021Sold Item",8 bids,https://www.ebay.com/itm/2003-Charizard-146-144-Skyridge-Crystal-Holo-Pokemon-Card/393091401063?hash=item5b8612c567%3Ag%3AKcsAAOSwoS9f7Oxw&LH_Auction=1
Pokemon LOT of 3 Charizard Venusaur BaseSet 4/102 Unlmted Holographic Foil Card ,370.0,"Sold  Jan 17, 2021Sold Item",16 bids,https://www.ebay.com/itm/Pokemon-LOT-of-3-Charizard-Venusaur-BaseSet-4-102-Unlmted-Holographic-Foil-Card/184619015619?hash=item2afc269dc3%3Ag%3ARd0AAOSw%7EpRf73ZP&LH_Auction=1
Pokemon Card Dark Charizard Team Rocket 21/82 NM-MT,56.0,"Sold  Jan 17, 2021Sold Item",18 bids,https://www.ebay.com/itm/Pokemon-Card-Dark-Charizard-Team-Rocket-21-82-NM-MT/154286931020?hash=item23ec37bc4c%3Ag%3ATR4AAOSwKwZf9NoB&LH_Auction=1
Charizard 4/130 - Base Set 2 - Holo Rare Pokemon Card,137.16,"Sold  Jan 17, 2021Sold Item",18 bids,https://www.ebay.com/itm/Charizard-4-130-Base-Set-2-Holo-Rare-Pokemon-Card/293950114650?hash=item4470cacb5a%3Ag%3AgUYAAOSw-ktf8WPT&LH_Auction=1
Pokemon Charizard Expedition Holo And Reverse Holo 3 Card Lot Rare,255.0,"Sold  Jan 17, 2021Sold Item",38 bids,https://www.ebay.com/itm/Pokemon-Charizard-Expedition-Holo-And-Reverse-Holo-3-Card-Lot-Rare/265009013966?hash=item3db3c4a4ce%3Ag%3AhDAAAOSw%7EpRfkzOr&LH_Auction=1
Topps Charizard #06 Non-Foil/Non-Holo TV Animation Series 1 Pokemon Card Mint,22.5,"Sold  Jan 17, 2021Sold Item",11 bids,https://www.ebay.com/itm/Topps-Charizard-06-Non-Foil-Non-Holo-TV-Animation-Series-1-Pokemon-Card-Mint/284146240541?hash=item42286f8c1d%3Ag%3AG6AAAOSwMFhf5MOK&LH_Auction=1
Mega M Charizard EX 13/108 2016 XY Evolutions Pokemon Card NM,32.0,"Sold  Jan 17, 2021Sold Item",1 bid,https://www.ebay.com/itm/Mega-M-Charizard-EX-13-108-2016-XY-Evolutions-Pokemon-Card-NM/203244575978?hash=item2f52521cea%3Ag%3ALmUAAOSwaOlf1rVk&LH_Auction=1
1999 Pokemon Charizard 23k In Case Shiny Gold Plate Metal Trading Card limited  ,15.5,"Sold  Jan 17, 2021Sold Item",11 bids,https://www.ebay.com/itm/1999-Pokemon-Charizard-23k-In-Case-Shiny-Gold-Plate-Metal-Trading-Card-limited/164637297645?hash=item265525cbed%3Ag%3At9gAAOSwy41f8mQL&LH_Auction=1
"*HUGE* Pokemon JUMBO, OVERSIZED Card Lot of 132 MUST SEE! CHARIZARD!!!",202.5,"Sold  Jan 17, 2021Sold Item",10 bids,https://www.ebay.com/itm/HUGE-Pokemon-JUMBO-OVERSIZED-Card-Lot-of-132-MUST-SEE-CHARIZARD/402641168718?hash=item5dbf48a94e%3Ag%3AQZEAAOSwpapf-5fd&LH_Auction=1
PSA 7 Near Mint Charizard Holo 3/110 Legendary Collection Pokemon Card TCG,440.0,"Sold  Jan 17, 2021Sold Item",31 bids,https://www.ebay.com/itm/PSA-7-Near-Mint-Charizard-Holo-3-110-Legendary-Collection-Pokemon-Card-TCG/254831340734?hash=item3b5521acbe%3Ag%3AsicAAOSwOmBf8gmX&LH_Auction=1
MEGA M CHARIZARD EX 69/106 Ultra Rare Pokemon Holo Foil Flashfire Card,52.21,"Sold  Jan 17, 2021Sold Item",24 bids,https://www.ebay.com/itm/MEGA-M-CHARIZARD-EX-69-106-Ultra-Rare-Pokemon-Holo-Foil-Flashfire-Card/265005631953?hash=item3db39109d1%3Ag%3AK6YAAOSwFJpf96Lt&LH_Auction=1
Pokemon Charizard Base Set Unlimited Rare Holographic Card 4/102 Holo Foil,220.5,"Sold  Jan 17, 2021Sold Item",24 bids,https://www.ebay.com/itm/Pokemon-Charizard-Base-Set-Unlimited-Rare-Holographic-Card-4-102-Holo-Foil/124522324677?hash=item1cfe1be2c5%3Ag%3AMswAAOSwW05f8e4M&LH_Auction=1
POKEMON CHARIZARD V CHAMPIONS PATH FULL ART ETB PROMO CARD 2020 SEALED SWSH050,13.5,"Sold  Jan 17, 2021Sold Item",7 bids,https://www.ebay.com/itm/POKEMON-CHARIZARD-V-CHAMPIONS-PATH-FULL-ART-ETB-PROMO-CARD-2020-SEALED-SWSH050/114634724959?hash=item1ab0c3165f%3Ag%3AhWwAAOSwJKtgA3nC&LH_Auction=1
Charizard 1/99 2009 Rare Holo Pokemon Card Mint,54.0,"Sold  Jan 17, 2021Sold Item",23 bids,https://www.ebay.com/itm/Charizard-1-99-2009-Rare-Holo-Pokemon-Card-Mint/254831305051?hash=item3b5521215b%3Ag%3A%7E3oAAOSwIlJf-4o3&LH_Auction=1
Charizard Base Set Holo Rare Pokemon Card 4/102 Wotc Vintage USED 1999,227.5,"Sold  Jan 17, 2021Sold Item",20 bids,https://www.ebay.com/itm/Charizard-Base-Set-Holo-Rare-Pokemon-Card-4-102-Wotc-Vintage-USED-1999/224310429808?hash=item3439f18870%3Ag%3Ab8wAAOSwUAJf-b-5&LH_Auction=1
PSA 9 MINT Pokemon Champions Path Secret Rare Shiny Charizard V Card 079/073,330.0,"Sold  Jan 17, 2021Sold Item",47 bids,https://www.ebay.com/itm/PSA-9-MINT-Pokemon-Champions-Path-Secret-Rare-Shiny-Charizard-V-Card-079-073/233859867658?hash=item367322640a%3Ag%3AhbwAAOSwOQ9fyA9h&LH_Auction=1
New Listing Pokemon Champions Path Charizard V Full Art Promo 12 Card Lot - PACK FRESH!!,100.0,"Sold  Jan 17, 2021Sold Item",1 bid,https://www.ebay.com/itm/Pokemon-Champions-Path-Charizard-V-Full-Art-Promo-12-Card-Lot-PACK-FRESH/393099717010?hash=item5b8691a992%3Ag%3AiOcAAOSwWtFgBIdc&LH_Auction=1
COMPLETE TEAM ROCKET SET 82/82 POKEMON CARDS DARK CHARIZARD BLASTOISE DRAGONITE,1059.32,"Sold  Jan 17, 2021Sold Item",71 bids,https://www.ebay.com/itm/COMPLETE-TEAM-ROCKET-SET-82-82-POKEMON-CARDS-DARK-CHARIZARD-BLASTOISE-DRAGONITE/254831248920?hash=item3b55204618%3Ag%3AqJ4AAOSwXwBf3n6z&LH_Auction=1
Pokemon Card 2006 EX Crystal Guardians Delta Species Charizard 4/100 LP-NM rare,99.93,"Sold  Jan 17, 2021Sold Item",33 bids,https://www.ebay.com/itm/Pokemon-Card-2006-EX-Crystal-Guardians-Delta-Species-Charizard-4-100-LP-NM-rare/224311169857?hash=item3439fcd341%3Ag%3A3PcAAOSwvdhf-r5s&LH_Auction=1
New ListingPokÃ©mon Vivid Voltage Charizard 025/185 Holo Pokemon Card PSA 10?,20.0,"Sold  Jan 17, 2021Sold Item",1 bid,https://www.ebay.com/itm/Pokemon-Vivid-Voltage-Charizard-025-185-Holo-Pokemon-Card-PSA-10/154295823575?hash=item23ecbf6cd7%3Ag%3AvhAAAOSwyi5gBHSF&LH_Auction=1
Charizard V 019/189 Darkness Ablaze Holo Rare Pokemon Card Pack Fresh Mint,12.39,"Sold  Jan 17, 2021Sold Item",7 bids,https://www.ebay.com/itm/Charizard-V-019-189-Darkness-Ablaze-Holo-Rare-Pokemon-Card-Pack-Fresh-Mint/383897574332?hash=item5962141bbc%3Ag%3Abx4AAOSwprZf-3Ia&LH_Auction=1
Charizard G Lv. X DP45 Holo Ultra Rare Pokemon Card,30.0,"Sold  Jan 17, 2021Sold Item",25 bids,https://www.ebay.com/itm/Charizard-G-Lv-X-DP45-Holo-Ultra-Rare-Pokemon-Card/193844436872?hash=item2d22075f88%3Ag%3AHJAAAOSwZYVf-3Hk&LH_Auction=1
Pokemon XY Evolutions Charizard 11/108 Rare Reverse Holo Card,78.0,"Sold  Jan 17, 2021Sold Item",14 bids,https://www.ebay.com/itm/Pokemon-XY-Evolutions-Charizard-11-108-Rare-Reverse-Holo-Card/203244445137?epid=13040465738&hash=item2f52501dd1%3Ag%3A2JIAAOSwsKdf-2y7&LH_Auction=1
Pokemon Card â˜† Base Set 2 Charizard  4/130 â˜† 100% Authentic WOTC,353.11,"Sold  Jan 17, 2021Sold Item",39 bids,https://www.ebay.com/itm/Pokemon-Card-Base-Set-2-Charizard-4-130-100-Authentic-WOTC/254831232974?hash=item3b552007ce%3Ag%3AikMAAOSwtCBf8e1A&LH_Auction=1
Pokemon Charizard 5/18 Holo Rare Detective Pikachu Card NM,8.5,"Sold  Jan 17, 2021Sold Item",10 bids,https://www.ebay.com/itm/Pokemon-Charizard-5-18-Holo-Rare-Detective-Pikachu-Card-NM/224314353118?hash=item343a2d65de%3Ag%3AM3UAAOSwszBf%7EhNP&LH_Auction=1
Pokemon Champions Path Charizard V Full Art  Promo SWSH050 â˜†2 card lot!!â˜†,21.0,"Sold  Jan 17, 2021Sold Item",3 bids,https://www.ebay.com/itm/Pokemon-Champions-Path-Charizard-V-Full-Art-Promo-SWSH050-2-card-lot/393091182148?hash=item5b860f6e44%3Ag%3APnsAAOSwzM5f-3A8&LH_Auction=1
Rare Pokemon 1999 Base Set HOLO Charizard Blastoise Venusaur Card WOTC Played,167.05,"Sold  Jan 17, 2021Sold Item",16 bids,https://www.ebay.com/itm/Rare-Pokemon-1999-Base-Set-HOLO-Charizard-Blastoise-Venusaur-Card-WOTC-Played/174591040843?hash=item28a66fdd4b%3Ag%3A86cAAOSwJxtf-23b&LH_Auction=1
Pokemon Cards Base Set Complete -102 Light Play - Played WOTC Lot Charizard Holo,434.59,"Sold  Jan 17, 2021Sold Item",20 bids,https://www.ebay.com/itm/Pokemon-Cards-Base-Set-Complete-102-Light-Play-Played-WOTC-Lot-Charizard-Holo/174591034363?hash=item28a66fc3fb%3Ag%3ANvwAAOSwuMxf-2yq&LH_Auction=1
Charizard Rainbow VMAX PSA 10 Championâ€™s Path 074/073 Secret Rare Pokemon Card,675.0,"Sold  Jan 17, 2021Sold Item",56 bids,https://www.ebay.com/itm/Charizard-Rainbow-VMAX-PSA-10-Champion-s-Path-074-073-Secret-Rare-Pokemon-Card/203249599754?hash=item2f529ec50a%3Ag%3AZw8AAOSwE35gAqTQ&LH_Auction=1
PSA 8 Pokemon Charizard XY Evolutions  11/108 Holo Card 2016 Base Set Holo Bleed,227.5,"Sold  Jan 17, 2021Sold Item",51 bids,https://www.ebay.com/itm/PSA-8-Pokemon-Charizard-XY-Evolutions-11-108-Holo-Card-2016-Base-Set-Holo-Bleed/174591019638?hash=item28a66f8a76%3Ag%3A1lEAAOSwsKdf-2pz&LH_Auction=1
POKEMON CARD CHARIZARD GX SM195 HOLO PROMO 2019 USED,13.0,"Sold  Jan 17, 2021Sold Item",1 bid,https://www.ebay.com/itm/POKEMON-CARD-CHARIZARD-GX-SM195-HOLO-PROMO-2019-USED/193844480715?hash=item2d22080acb%3Ag%3A2UsAAOSwWUJf1Uug&LH_Auction=1
ERROR Charizard V SWSH050 Champions Path Pokemon Card Crimp Misprint,45.0,"Sold  Jan 17, 2021Sold Item",1 bid,https://www.ebay.com/itm/ERROR-Charizard-V-SWSH050-Champions-Path-Pokemon-Card-Crimp-Misprint/284149343739?hash=item42289ee5fb%3Ag%3AZxUAAOSwxGlgAlXE&LH_Auction=1
Charizard VMAX 020/189 Holo Ultra-Rare Darkness Ablaze Pokemon Card - PACK FRESH,91.0,"Sold  Jan 17, 2021Sold Item",14 bids,https://www.ebay.com/itm/Charizard-VMAX-020-189-Holo-Ultra-Rare-Darkness-Ablaze-Pokemon-Card-PACK-FRESH/373424401115?hash=item56f1d42adb%3Ag%3AcHEAAOSwY8Bf-2cH&LH_Auction=1
CGC 9.5 Pokemon Champions Path Secret Rare Shiny Charizard V Card 079/073,385.0,"Sold  Jan 17, 2021Sold Item",45 bids,https://www.ebay.com/itm/CGC-9-5-Pokemon-Champions-Path-Secret-Rare-Shiny-Charizard-V-Card-079-073/353349159131?hash=item52454048db%3Ag%3Avx8AAOSwWrFf-2VB&LH_Auction=1
Pokemon cards charizard 2016,77.0,"Sold  Jan 17, 2021Sold Item",23 bids,https://www.ebay.com/itm/Pokemon-cards-charizard-2016/143914656324?hash=item2181fb6244%3Ag%3AgawAAOSwLYVf-10v&LH_Auction=1
Shining Charizard 107/105 Secret Rare Holo Pokemon Neo Destiny Trading Card ,516.08,"Sold  Jan 17, 2021Sold Item",29 bids,https://www.ebay.com/itm/Shining-Charizard-107-105-Secret-Rare-Holo-Pokemon-Neo-Destiny-Trading-Card/133628880427?hash=item1f1ce6e62b%3Ag%3AOKQAAOSwHF1f9OT%7E&LH_Auction=1
Pokemon Card Charizard Base Set 2 Holo Foil 4/130 NM-Mint,169.5,"Sold  Jan 17, 2021Sold Item",25 bids,https://www.ebay.com/itm/Pokemon-Card-Charizard-Base-Set-2-Holo-Foil-4-130-NM-Mint/174593581565?hash=item28a696a1fd%3Ag%3ACtoAAOSweHpf%7Efpi&LH_Auction=1
GEM MINT Charizard Holo Rare CGC 9.5 11/108 XY Evolutions Pokemon Card (PSA 10!),750.0,"Sold  Jan 17, 2021Sold Item",43 bids,https://www.ebay.com/itm/GEM-MINT-Charizard-Holo-Rare-CGC-9-5-11-108-XY-Evolutions-Pokemon-Card-PSA-10/154281645039?hash=item23ebe713ef%3Ag%3ASuwAAOSwWKBf92FP&LH_Auction=1
Job Lot of Pokemon Cards 100 pieces with ULTRA PRO Charizard Deck Case - Good Co,2.99,"Sold  Jan 17, 2021Sold Item",4 bids,https://www.ebay.com/itm/Job-Lot-of-Pokemon-Cards-100-pieces-with-ULTRA-PRO-Charizard-Deck-Case-Good-Co/274643398631?hash=item3ff205afe7%3Ag%3ASAUAAOSwX%7EBfYe6B&LH_Auction=1
Pokemon Cards - Charizard & Braixen GX Holo TAG TEAM 22/236,8.5,"Sold  Jan 17, 2021Sold Item",9 bids,https://www.ebay.com/itm/Pokemon-Cards-Charizard-Braixen-GX-Holo-TAG-TEAM-22-236/274643397186?hash=item3ff205aa42%3Ag%3ALvgAAOSwkVZf-1DW&LH_Auction=1
Pokemon Card XY Evolutions -   CHARIZARD EX HOLO   12/108 PSA 10 - GEM MINT,163.5,"Sold  Jan 17, 2021Sold Item",10 bids,https://www.ebay.com/itm/Pokemon-Card-XY-Evolutions-CHARIZARD-EX-HOLO-12-108-PSA-10-GEM-MINT/383903099859?hash=item5962686bd3%3Ag%3ALWYAAOSwu3dgAJOi&LH_Auction=1
Base Set Charizard 4/102 Holo Pokemon Card Wotc 1999 Near Mint Condition,359.9,"Sold  Jan 17, 2021Sold Item",19 bids,https://www.ebay.com/itm/Base-Set-Charizard-4-102-Holo-Pokemon-Card-Wotc-1999-Near-Mint-Condition/324448047516?hash=item4b8a9c519c%3Ag%3A6goAAOSwnI5f-rjC&LH_Auction=1
Charizard 4/102 HoloÂ Rare Pokemon Card Unlimited Base Set MINT / NM PSA? WOTC,855.6,"Sold  Jan 17, 2021Sold Item",52 bids,https://www.ebay.com/itm/Charizard-4-102-Holo-Rare-Pokemon-Card-Unlimited-Base-Set-MINT-NM-PSA-WOTC/254833120073?hash=item3b553cd349%3Ag%3As8YAAOSwR-Rf%7EfCK&LH_Auction=1
Charizard - SM226 - Promo Sun & Moon Pokemon Card HOLOÂ ,57.0,"Sold  Jan 17, 2021Sold Item",14 bids,https://www.ebay.com/itm/Charizard-SM226-Promo-Sun-Moon-Pokemon-Card-HOLO/393090982174?hash=item5b860c611e%3Ag%3A070AAOSwBvJf-0gf&LH_Auction=1
Full Art JUMBO Pokemon CHARIZARD GX Card PROMO Set SM60 Good Condition,17.0,"Sold  Jan 17, 2021Sold Item",11 bids,https://www.ebay.com/itm/Full-Art-JUMBO-Pokemon-CHARIZARD-GX-Card-PROMO-Set-SM60-Good-Condition/184615657281?hash=item2afbf35f41%3Ag%3AgmQAAOSwCGhf-0aN&LH_Auction=1
Mega M Charizard EX 12/83 XY Generations Ultra RARE Holo Pokemon Card 2015 NM,51.0,"Sold  Jan 17, 2021Sold Item",30 bids,https://www.ebay.com/itm/Mega-M-Charizard-EX-12-83-XY-Generations-Ultra-RARE-Holo-Pokemon-Card-2015-NM/143914528986?hash=item2181f970da%3Ag%3Ab7AAAOSw7Q1f-0KS&LH_Auction=1
Pokemon X Y Flashfire Single Card Rare Holo ex Mega Charizard-EX ,51.0,"Sold  Jan 17, 2021Sold Item",2 bids,https://www.ebay.com/itm/Pokemon-X-Y-Flashfire-Single-Card-Rare-Holo-ex-Mega-Charizard-EX/363256235535?hash=item5493c2460f%3Ag%3AtXcAAOSwurxf-JBx&LH_Auction=1
Charizard Holo Rare 1/99 PokÃ©mon Platinum Arceus Pokemon Card NM/LP,7.5,"Sold  Jan 17, 2021Sold Item",2 bids,https://www.ebay.com/itm/Charizard-Holo-Rare-1-99-Pokemon-Platinum-Arceus-Pokemon-Card-NM-LP/193844271688?hash=item2d2204da48%3Ag%3ANS4AAOSwaFRf8gdD&LH_Auction=1
Topps Pokemon Card Lot Binder Included Charizard Mew Dratini Mewtwo Strikes Back,47.6,"Sold  Jan 17, 2021Sold Item",1 bid,https://www.ebay.com/itm/Topps-Pokemon-Card-Lot-Binder-Included-Charizard-Mew-Dratini-Mewtwo-Strikes-Back/284139754708?hash=item42280c94d4%3Ag%3Air0AAOSwZsJf9hrN&LH_Auction=1
Pokemon Card Charizard Base Set 2 Holo Foil 4/130 Excellent!,145.0,"Sold  Jan 17, 2021Sold Item",1 bid,https://www.ebay.com/itm/Pokemon-Card-Charizard-Base-Set-2-Holo-Foil-4-130-Excellent/303849287321?hash=item46bed42e99%3Ag%3AUgAAAOSwKtRgAhrP&LH_Auction=1
Dark charizard 4/82 Rare Original Holo Pokemon Card Team Rocket. Great Condition,90.99,"Sold  Jan 17, 2021Sold Item",28 bids,https://www.ebay.com/itm/Dark-charizard-4-82-Rare-Original-Holo-Pokemon-Card-Team-Rocket-Great-Condition/284143794287?hash=item42284a386f%3Ag%3AIrgAAOSwKtRf-zvD&LH_Auction=1
CHARIZARD 4/102 Rare Original Holo Pokemon Card WOTC Base Set. Heavily Played,76.05,"Sold  Jan 17, 2021Sold Item",28 bids,https://www.ebay.com/itm/CHARIZARD-4-102-Rare-Original-Holo-Pokemon-Card-WOTC-Base-Set-Heavily-Played/284143766968?hash=item422849cdb8%3Ag%3AeCIAAOSwV%7ENf-zYi&LH_Auction=1
Charizard EX XY121 Black Star Promo Pokemon Card! B1433,50.0,"Sold  Jan 17, 2021Sold Item",1 bid,https://www.ebay.com/itm/Charizard-EX-XY121-Black-Star-Promo-Pokemon-Card-B1433/363261322751?hash=item54940fe5ff%3Ag%3Awa0AAOSw0OVgA02h&LH_Auction=1
Pokemon XY Evolutions Charizard 11/108 Rare Holo Card PSA 10?,125.0,"Sold  Jan 17, 2021Sold Item",16 bids,https://www.ebay.com/itm/Pokemon-XY-Evolutions-Charizard-11-108-Rare-Holo-Card-PSA-10/203244180251?hash=item2f524c131b%3Ag%3AVxAAAOSwgDRf-y3s&LH_Auction=1
CHARIZARD V CHAMPIONS PATH PROMO SEALED NEAR MINT PSA POKEMON CARD,11.0,"Sold  Jan 17, 2021Sold Item",9 bids,https://www.ebay.com/itm/CHARIZARD-V-CHAMPIONS-PATH-PROMO-SEALED-NEAR-MINT-PSA-POKEMON-CARD/254830334477?hash=item3b5512520d%3Ag%3AJ4sAAOSwKxNf-imq&LH_Auction=1
Dark Charizard - 21/82 - Non Holo Rare - Team Rocket Pokemon Card - MINT,22.8,"Sold  Jan 17, 2021Sold Item",1 bid,https://www.ebay.com/itm/Dark-Charizard-21-82-Non-Holo-Rare-Team-Rocket-Pokemon-Card-MINT/284143705458?hash=item422848dd72%3Ag%3AIUwAAOSwyY9f-yd1&LH_Auction=1
Charizard 4/102 LP/MP Base Set 1999 WOTC Holofoil Rare Holo Pokemon Card ðŸ”¥,255.0,"Sold  Jan 17, 2021Sold Item",50 bids,https://www.ebay.com/itm/Charizard-4-102-LP-MP-Base-Set-1999-WOTC-Holofoil-Rare-Holo-Pokemon-Card/265008843138?hash=item3db3c20982%3Ag%3ALbAAAOSwRfNf-ySi&LH_Auction=1
Pokemon Island Guardians Premium Card Game Playmat + Charizard Theme Deck,15.5,"Sold  Jan 17, 2021Sold Item",2 bids,https://www.ebay.com/itm/Pokemon-Island-Guardians-Premium-Card-Game-Playmat-Charizard-Theme-Deck/164640260979?hash=item2655530373%3Ag%3AxI8AAOSwyY9f%7EcQi&LH_Auction=1
POKEMON CHARIZARD V CHAMPIONS PATH FULL ART ETB PROMO CARD 2020 SEALED SWSH050,12.5,"Sold  Jan 17, 2021Sold Item",10 bids,https://www.ebay.com/itm/POKEMON-CHARIZARD-V-CHAMPIONS-PATH-FULL-ART-ETB-PROMO-CARD-2020-SEALED-SWSH050/164636575261?hash=item26551ac61d%3Ag%3AuscAAOSwGbhf-x4P&LH_Auction=1
RESHIRAM & CHARIZARD GX 20/214 POKEMON CARD UNBROKEN BONDS ULTRA RARE nm,13.0,"Sold  Jan 17, 2021Sold Item",14 bids,https://www.ebay.com/itm/RESHIRAM-CHARIZARD-GX-20-214-POKEMON-CARD-UNBROKEN-BONDS-ULTRA-RARE-nm/402640740933?hash=item5dbf422245%3Ag%3AN2YAAOSw5IBf-xks&LH_Auction=1
Dark Charizard 21/82 Non-Holo Pokemon Card Team Rocket. Brand New,47.52,"Sold  Jan 17, 2021Sold Item",1 bid,https://www.ebay.com/itm/Dark-Charizard-21-82-Non-Holo-Pokemon-Card-Team-Rocket-Brand-New/265008745002?hash=item3db3c08a2a%3Ag%3A7PUAAOSwDHtfnLXA&LH_Auction=1
"Dark Charizard & Fire Energy Non Holo Rare, Team Rocket Vintage NM Pokemon Card",28.0,"Sold  Jan 17, 2021Sold Item",6 bids,https://www.ebay.com/itm/Dark-Charizard-Fire-Energy-Non-Holo-Rare-Team-Rocket-Vintage-NM-Pokemon-Card/184611360551?hash=item2afbb1cf27%3Ag%3Aup8AAOSwSJlf9jp4&LH_Auction=1
Charizard G Lv.X 143/147 Supreme Victors Holo Rare PSA 8 NM - MT Pokemon Card,202.5,"Sold  Jan 17, 2021Sold Item",21 bids,https://www.ebay.com/itm/Charizard-G-Lv-X-143-147-Supreme-Victors-Holo-Rare-PSA-8-NM-MT-Pokemon-Card/133635383534?hash=item1f1d4a20ee%3Ag%3A4qQAAOSwTNVf%7Eanf&LH_Auction=1
PSA 9 - MINT : CHARIZARD EX CRYSTAL GUARDIANS Pokemon Card #4 - 2006 ReverseHOLO,535.0,"Sold  Jan 17, 2021Sold Item",36 bids,https://www.ebay.com/itm/PSA-9-MINT-CHARIZARD-EX-CRYSTAL-GUARDIANS-Pokemon-Card-4-2006-ReverseHOLO/383897037537?hash=item59620beae1%3Ag%3Aj1oAAOSw3%7Edf8FS7&LH_Auction=1
Charizard - 025/185 - Pokemon Card - Vivid Voltage - Reverse Holo Rare,9.49,"Sold  Jan 17, 2021Sold Item",1 bid,https://www.ebay.com/itm/Charizard-025-185-Pokemon-Card-Vivid-Voltage-Reverse-Holo-Rare/233861708087?hash=item36733e7937%3Ag%3AeYwAAOSwaDlgAuod&LH_Auction=1
Pokemon Champions Path Charizard V SWSH050 Promo Full Art Card,9.5,"Sold  Jan 17, 2021Sold Item",11 bids,https://www.ebay.com/itm/Pokemon-Champions-Path-Charizard-V-SWSH050-Promo-Full-Art-Card/293952267925?hash=item4470eba695%3Ag%3A9QoAAOSw7Q1f60kA&LH_Auction=1
Pokemon Base Set # 4 Charizard Holo Card Near Mint,910.0,"Sold  Jan 17, 2021Sold Item",16 bids,https://www.ebay.com/itm/Pokemon-Base-Set-4-Charizard-Holo-Card-Near-Mint/233856850059?hash=item3672f4588b%3Ag%3A-rsAAOSwlvlf%7EZEb&LH_Auction=1
Pokemon Champions Path Charizard V SWSH050 Promo Full Art Card *Pack Fresh*,9.01,"Sold  Jan 17, 2021Sold Item",10 bids,https://www.ebay.com/itm/Pokemon-Champions-Path-Charizard-V-SWSH050-Promo-Full-Art-Card-Pack-Fresh/114623195699?hash=item1ab0132a33%3Ag%3Avz0AAOSwuC5f-u4L&LH_Auction=1
New ListingMEGA M Charizard EX 69/106 - 2014 Pokemon Flashfire - Rare Card! Mint! PSA 9,126.0,"Sold  Jan 17, 2021Sold Item",1 bid,https://www.ebay.com/itm/MEGA-M-Charizard-EX-69-106-2014-Pokemon-Flashfire-Rare-Card-Mint-PSA-9/174599302316?hash=item28a6edecac%3Ag%3AK%7E0AAOSwioNgA3jH&LH_Auction=1
Dark Charizard 1st Edition Holo 4/82 Team Rocket Pokemon Card,217.5,"Sold  Jan 17, 2021Sold Item",33 bids,https://www.ebay.com/itm/Dark-Charizard-1st-Edition-Holo-4-82-Team-Rocket-Pokemon-Card/313376090770?hash=item48f6abaa92%3Ag%3AZfwAAOSw-Upf1qBa&LH_Auction=1
Pokemon Card - Dark Charizard/Vileplume/Slowbro Non-Holo lot 1999 Rocket Set 1st,90.5,"Sold  Jan 17, 2021Sold Item",59 bids,https://www.ebay.com/itm/Pokemon-Card-Dark-Charizard-Vileplume-Slowbro-Non-Holo-lot-1999-Rocket-Set-1st/284143434292?hash=item422844ba34%3Ag%3AdYIAAOSwILpf-s5Z&LH_Auction=1
Charizard Holo Pokemon Card | 1999 Base - BGS 8.5 (8 9 9.5 ) PSA 9?,1270.83,"Sold  Jan 17, 2021Sold Item",110 bids,https://www.ebay.com/itm/Charizard-Holo-Pokemon-Card-1999-Base-BGS-8-5-8-9-9-5-PSA-9/265008410465?hash=item3db3bb6f61%3Ag%3ATZ0AAOSwanxf-q-M&LH_Auction=1
2016 Pokemon XY Evolutions Charizard EX Holo Ultra Rare Card 12/108 M/NM,16.5,"Sold  Jan 16, 2021Sold Item",13 bids,https://www.ebay.com/itm/2016-Pokemon-XY-Evolutions-Charizard-EX-Holo-Ultra-Rare-Card-12-108-M-NM/233853885772?hash=item3672c71d4c%3Ag%3AknQAAOSw4ZZf-q1l&LH_Auction=1
Dark Charizard 21/82 - Pokemon Card,43.0,"Sold  Jan 16, 2021Sold Item",26 bids,https://www.ebay.com/itm/Dark-Charizard-21-82-Pokemon-Card/254830572068?hash=item3b5515f224%3Ag%3AwB4AAOSwCIJf-qYb&LH_Auction=1
Charizard 11/108 Reverse HOLO Rare XY Evolutions 2016 Pokemon Card,86.0,"Sold  Jan 16, 2021Sold Item",15 bids,https://www.ebay.com/itm/Charizard-11-108-Reverse-HOLO-Rare-XY-Evolutions-2016-Pokemon-Card/402640399219?hash=item5dbf3ceb73%3Ag%3AfZoAAOSwEZ9f-pc%7E&LH_Auction=1
Pokemon Charizard XY Evolutions 2016 Rare Holo Card 11/108 Pack Fresh!,25.0,"Sold  Jan 16, 2021Sold Item",1 bid,https://www.ebay.com/itm/Pokemon-Charizard-XY-Evolutions-2016-Rare-Holo-Card-11-108-Pack-Fresh/164649838873?hash=item2655e52919%3Ag%3A3CwAAOSw71NgA8Pe&LH_Auction=1
Pokemon Card Charizard Base Set Holo 4/102 - HP Condition,182.5,"Sold  Jan 16, 2021Sold Item",5 bids,https://www.ebay.com/itm/Pokemon-Card-Charizard-Base-Set-Holo-4-102-HP-Condition/193846209094?hash=item2d22226a46%3Ag%3ArNMAAOSwnatf%7ETjZ&LH_Auction=1
Pokemon Championâ€™s Path Charizard V SWSH050 Promo Card Sealed PSA 10 MINT,13.5,"Sold  Jan 16, 2021Sold Item",5 bids,https://www.ebay.com/itm/Pokemon-Champion-s-Path-Charizard-V-SWSH050-Promo-Card-Sealed-PSA-10-MINT/265016004501?hash=item3db42f4f95%3Ag%3A2GAAAOSwKy1f-7dD&LH_Auction=1
Charizard 19/113 Legendary Treasures Holo Rare Pokemon Card!,18.5,"Sold  Jan 16, 2021Sold Item",6 bids,https://www.ebay.com/itm/Charizard-19-113-Legendary-Treasures-Holo-Rare-Pokemon-Card/233853792245?hash=item3672c5aff5%3Ag%3AxcAAAOSwzitf-o8d&LH_Auction=1
Charizard VMAX (020/189) Holo Ultra-Rare Darkness Ablaze Pokemon Card Pack Fresh,60.0,"Sold  Jan 16, 2021Sold Item",1 bid,https://www.ebay.com/itm/Charizard-VMAX-020-189-Holo-Ultra-Rare-Darkness-Ablaze-Pokemon-Card-Pack-Fresh/164649743756?hash=item2655e3b58c%3Ag%3ADpwAAOSwNFpgA6nX&LH_Auction=1
Pokemon SM BLACK STAR PROMO Charizard GX SM60 FULL ART PROMO CARD NEAR MINT,53.0,"Sold  Jan 16, 2021Sold Item",27 bids,https://www.ebay.com/itm/Pokemon-SM-BLACK-STAR-PROMO-Charizard-GX-SM60-FULL-ART-PROMO-CARD-NEAR-MINT/174590022730?hash=item28a660544a%3Ag%3A0D0AAOSwKy1f-oJ4&LH_Auction=1
Charizard Gold Pokemon Card Burger King promo  ,16.2,"Sold  Jan 16, 2021Sold Item",1 bid,https://www.ebay.com/itm/Charizard-Gold-Pokemon-Card-Burger-King-promo/114626094384?hash=item1ab03f6530%3Ag%3AGo4AAOSwuMxf9oxK&LH_Auction=1
Pokemon TCG SS Vivid Voltage 025/185 Charizard Reverse Holo Rare Card Pack Fresh,15.5,"Sold  Jan 16, 2021Sold Item",7 bids,https://www.ebay.com/itm/Pokemon-TCG-SS-Vivid-Voltage-025-185-Charizard-Reverse-Holo-Rare-Card-Pack-Fresh/254830512360?hash=item3b551508e8%3Ag%3AZqIAAOSwZ-9frJCL&LH_Auction=1
CHARIZARD 4/102 ORIGINAL BASE SET 1999 POKEMON TCG CARD HOLO FOIL RARE WOW! L@@K,128.6,"Sold  Jan 16, 2021Sold Item",10 bids,https://www.ebay.com/itm/CHARIZARD-4-102-ORIGINAL-BASE-SET-1999-POKEMON-TCG-CARD-HOLO-FOIL-RARE-WOW-L-K/133633141305?hash=item1f1d27ea39%3Ag%3A4TQAAOSw74pf-nhR&LH_Auction=1
POKEMON CARD CHARIZARD 4/100 CRYSTAL GUARDIANS DELTA SPECIES 2006 VERY NICE!,167.5,"Sold  Jan 16, 2021Sold Item",33 bids,https://www.ebay.com/itm/POKEMON-CARD-CHARIZARD-4-100-CRYSTAL-GUARDIANS-DELTA-SPECIES-2006-VERY-NICE/224311036242?hash=item3439fac952%3Ag%3ALvcAAOSwuetf-1d1&LH_Auction=1
POKEMON CARD CHARIZARD 136/135 SECRET RARE FULL ART PLASMA STORM. MP L@@K!! ,142.5,"Sold  Jan 16, 2021Sold Item",7 bids,https://www.ebay.com/itm/POKEMON-CARD-CHARIZARD-136-135-SECRET-RARE-FULL-ART-PLASMA-STORM-MP-L-K/224311031642?hash=item3439fab75a%3Ag%3AzTwAAOSwNr1f-nKU&LH_Auction=1
Charizard (025/185) - Non-Holo - Pokemon Vivid Voltage Rare NM Card TCG,7.85,"Sold  Jan 16, 2021Sold Item",1 bid,https://www.ebay.com/itm/Charizard-025-185-Non-Holo-Pokemon-Vivid-Voltage-Rare-NM-Card-TCG/133633127418?hash=item1f1d27b3fa%3Ag%3AL9AAAOSwOkVf5%7Eyq&LH_Auction=1
Charizard 025/185 Vivid Voltage Non-Holo Rare Pokemon TCG Card - In Hand,5.5,"Sold  Jan 16, 2021Sold Item",5 bids,https://www.ebay.com/itm/Charizard-025-185-Vivid-Voltage-Non-Holo-Rare-Pokemon-TCG-Card-In-Hand/402642493931?hash=item5dbf5ce1eb%3Ag%3AROMAAOSwq4Nf%7ERSM&LH_Auction=1
Reshiram & Charizard GX 20/214 PSA 9 Mint Pokemon Card Unbroken Bonds,30.57,"Sold  Jan 16, 2021Sold Item",8 bids,https://www.ebay.com/itm/Reshiram-Charizard-GX-20-214-PSA-9-Mint-Pokemon-Card-Unbroken-Bonds/313375856503?hash=item48f6a81777%3Ag%3AEIoAAOSwwaFf5%7Ev0&LH_Auction=1
Pokemon Championâ€™s Path Charizard V SWSH050 Promo Card Sealed Possible PSA 10,15.0,"Sold  Jan 16, 2021Sold Item",1 bid,https://www.ebay.com/itm/Pokemon-Champion-s-Path-Charizard-V-SWSH050-Promo-Card-Sealed-Possible-PSA-10/133632363530?hash=item1f1d1c0c0a%3Ag%3AR2oAAOSwmAxf-VyC&LH_Auction=1
HOLO BUNDLE + CHARIZARD GX 20/147 - ULTRA RARE - BURNING SHADOWS POKEMON CARD,9.02,"Sold  Jan 16, 2021Sold Item",7 bids,https://www.ebay.com/itm/HOLO-BUNDLE-CHARIZARD-GX-20-147-ULTRA-RARE-BURNING-SHADOWS-POKEMON-CARD/393092867374?hash=item5b8629252e%3Ag%3AMjkAAOSwi9Rf%7ERLk&LH_Auction=1
"Pokemon Blastoise , Charizard , Venusaur 4 Card Lot",192.5,"Sold  Jan 16, 2021Sold Item",12 bids,https://www.ebay.com/itm/Pokemon-Blastoise-Charizard-Venusaur-4-Card-Lot/284140009103?hash=item422810768f%3Ag%3ACQoAAOSw5ONf1Qp7&LH_Auction=1
Pokemon Dark Charizard Team Rocket Set Holo 4/82 Rare Card,78.0,"Sold  Jan 16, 2021Sold Item",12 bids,https://www.ebay.com/itm/Pokemon-Dark-Charizard-Team-Rocket-Set-Holo-4-82-Rare-Card/184614630034?hash=item2afbe3b292%3Ag%3AMT4AAOSwF6df-mu3&LH_Auction=1
POKEMON CARD CHARIZARD G LV.X DP45 HOLO  BLACK STAR PROMO LP DIAMOND & PEARL,33.0,"Sold  Jan 16, 2021Sold Item",14 bids,https://www.ebay.com/itm/POKEMON-CARD-CHARIZARD-G-LV-X-DP45-HOLO-BLACK-STAR-PROMO-LP-DIAMOND-PEARL/224311001156?hash=item3439fa4044%3Ag%3AHiAAAOSwgkVf-mi9&LH_Auction=1
POKEMON CARD  CHARIZARD SM158 HOLO TEAM UP BLACK STAR PROMO VERY NICE!,111.12,"Sold  Jan 16, 2021Sold Item",18 bids,https://www.ebay.com/itm/POKEMON-CARD-CHARIZARD-SM158-HOLO-TEAM-UP-BLACK-STAR-PROMO-VERY-NICE/224310995470?hash=item3439fa2a0e%3Ag%3AwE4AAOSw9s5f-mcm&LH_Auction=1
Dark Charizard Holo 4/82 - Pokemon Card,207.5,"Sold  Jan 16, 2021Sold Item",57 bids,https://www.ebay.com/itm/Dark-Charizard-Holo-4-82-Pokemon-Card/254830470241?hash=item3b55146461%3Ag%3AdLEAAOSwYX1f-mAy&LH_Auction=1
Pokemon XY Evolutions Charizard 4/102 Rare Reverse Holo Card might be a 5/6 PSA,177.5,"Sold  Jan 16, 2021Sold Item",17 bids,https://www.ebay.com/itm/Pokemon-XY-Evolutions-Charizard-4-102-Rare-Reverse-Holo-Card-might-be-a-5-6-PSA/293948760946?hash=item4470b62372%3Ag%3AHmEAAOSw8H1f-lxB&LH_Auction=1
Pokemon Rare Foil Charizard GX Hidden Fates Promo #SM211 Near Mint (4) Card Lot,30.0,"Sold  Jan 16, 2021Sold Item",10 bids,https://www.ebay.com/itm/Pokemon-Rare-Foil-Charizard-GX-Hidden-Fates-Promo-SM211-Near-Mint-4-Card-Lot/402640187642?hash=item5dbf39b0fa%3Ag%3AmtcAAOSwjVRf-lur&LH_Auction=1
Pokemon Card M Charizard EX 13/108 XY Evolutions Ultra Rare Holo NM,6.4,"Sold  Jan 16, 2021Sold Item",1 bid,https://www.ebay.com/itm/Pokemon-Card-M-Charizard-EX-13-108-XY-Evolutions-Ultra-Rare-Holo-NM/124531299237?hash=item1cfea4d3a5%3Ag%3AuwkAAOSwMiFgA5Ib&LH_Auction=1
Pokemon TCG Card Lot Charizard Black Star Promo Detective Pikachu Steelix & More,20.0,"Sold  Jan 16, 2021Sold Item",1 bid,https://www.ebay.com/itm/Pokemon-TCG-Card-Lot-Charizard-Black-Star-Promo-Detective-Pikachu-Steelix-More/124521127257?hash=item1cfe099d59%3Ag%3AUVYAAOSwNjxf-lc1&LH_Auction=1
Pokemon Card Charizard V SWSH050 Champion's Path Promo NM,8.5,"Sold  Jan 16, 2021Sold Item",5 bids,https://www.ebay.com/itm/Pokemon-Card-Charizard-V-SWSH050-Champions-Path-Promo-NM/164635662917?hash=item26550cda45%3Ag%3Ah58AAOSwjL1f7SdU&LH_Auction=1
Pokemon Card  Charizard V 019/189 Darkness Ablaze Ultra Rare Full Art Holo,15.5,"Sold  Jan 16, 2021Sold Item",12 bids,https://www.ebay.com/itm/Pokemon-Card-Charizard-V-019-189-Darkness-Ablaze-Ultra-Rare-Full-Art-Holo/402640174380?hash=item5dbf397d2c%3Ag%3A8iwAAOSw8clf-lQ1&LH_Auction=1
Charizard 4/102 1999 Base Set Holo Rare Shadow Pokemon Card,420.0,"Sold  Jan 16, 2021Sold Item",68 bids,https://www.ebay.com/itm/Charizard-4-102-1999-Base-Set-Holo-Rare-Shadow-Pokemon-Card/174589855560?hash=item28a65dc748%3Ag%3Az0EAAOSw31Nf-lR6&LH_Auction=1
Pokemon Champions Path Charizard V SWSH050 Promo Full Art Card In Hand sealed!!,14.99,"Sold  Jan 16, 2021Sold Item",1 bid,https://www.ebay.com/itm/Pokemon-Champions-Path-Charizard-V-SWSH050-Promo-Full-Art-Card-In-Hand-sealed/274649993043?hash=item3ff26a4f53%3Ag%3AMZ4AAOSwwMBf8RXJ&LH_Auction=1
POKEMON CARD. CHARIZARD 3/110 RARE REVERSE HOLO.PL NO MARJOR BENDS OR CREASES!,285.0,"Sold  Jan 16, 2021Sold Item",3 bids,https://www.ebay.com/itm/POKEMON-CARD-CHARIZARD-3-110-RARE-REVERSE-HOLO-PL-NO-MARJOR-BENDS-OR-CREASES/224310939492?hash=item3439f94f64%3Ag%3AH5QAAOSwUrZf-lI1&LH_Auction=1
1999 Topps Pokemon Card - Stage 3 - Two Holo - Venusaur - Set of 5 - Charizard,21.65,"Sold  Jan 16, 2021Sold Item",9 bids,https://www.ebay.com/itm/1999-Topps-Pokemon-Card-Stage-3-Two-Holo-Venusaur-Set-of-5-Charizard/154284954781?hash=item23ec19949d%3Ag%3A8p8AAOSwNIJf-k-f&LH_Auction=1
Pokemon Champions Path Charizard V SWSH050 Promo Full Art Card In Hand,6.4,"Sold  Jan 16, 2021Sold Item",1 bid,https://www.ebay.com/itm/Pokemon-Champions-Path-Charizard-V-SWSH050-Promo-Full-Art-Card-In-Hand/184614551894?hash=item2afbe28156%3Ag%3AtxYAAOSw5clf-k%7Eh&LH_Auction=1
1999 Charizard Holo #4 Pokemon game card PSA graded VG 3  Dragon foil fire spin,256.0,"Sold  Jan 16, 2021Sold Item",37 bids,https://www.ebay.com/itm/1999-Charizard-Holo-4-Pokemon-game-card-PSA-graded-VG-3-Dragon-foil-fire-spin/284145239838?hash=item422860471e%3Ag%3AHjUAAOSwm3df%7EO7V&LH_Auction=1
PSA 10 GEM MINT SHINY CHARIZARD V 079/073 SM Champion's Path Pokemon Card RARE,700.0,"Sold  Jan 16, 2021Sold Item",19 bids,https://www.ebay.com/itm/PSA-10-GEM-MINT-SHINY-CHARIZARD-V-079-073-SM-Champions-Path-Pokemon-Card-RARE/203243508253?hash=item2f5241d21d%3Ag%3Ac9QAAOSwmYNf-gJh&LH_Auction=1
 Charizard - 025/185 - Rare Pokemon Card Vivid Voltage,5.76,"Sold  Jan 16, 2021Sold Item",5 bids,https://www.ebay.com/itm/Charizard-025-185-Rare-Pokemon-Card-Vivid-Voltage/265008143741?hash=item3db3b75d7d%3Ag%3Aq9UAAOSwHHxfxJkz&LH_Auction=1
RESHIRAM & CHARIZARD GX 194/214 POKEMON CARD UNBROKEN BONDS FULL ART PSA 10 ?,23.5,"Sold  Jan 16, 2021Sold Item",12 bids,https://www.ebay.com/itm/RESHIRAM-CHARIZARD-GX-194-214-POKEMON-CARD-UNBROKEN-BONDS-FULL-ART-PSA-10/353355218455?hash=item52459cbe17%3Ag%3ATB8AAOSwInRgAjD6&LH_Auction=1
*Pokemon Game 2007 Charizard Holo Trading Card 6/108 ( Very Slight Damage),24.5,"Sold  Jan 16, 2021Sold Item",6 bids,https://www.ebay.com/itm/Pokemon-Game-2007-Charizard-Holo-Trading-Card-6-108-Very-Slight-Damage/265010795557?hash=item3db3dfd425%3Ag%3APkoAAOSwbHpf80FA&LH_Auction=1
POKEMON CARD CHARIZARD 14/181 RARE PSA 10 GEM MINT TEAM UP 2019  NON HOLO ,175.0,"Sold  Jan 16, 2021Sold Item",1 bid,https://www.ebay.com/itm/POKEMON-CARD-CHARIZARD-14-181-RARE-PSA-10-GEM-MINT-TEAM-UP-2019-NON-HOLO/224313313771?hash=item343a1d89eb%3Ag%3ANsAAAOSwcglf%7EOZ6&LH_Auction=1
Charizard VMAX 020/189 Holo Ultra-Rare Darkness Ablaze Pokemon Card - PACK FRESH,102.5,"Sold  Jan 16, 2021Sold Item",18 bids,https://www.ebay.com/itm/Charizard-VMAX-020-189-Holo-Ultra-Rare-Darkness-Ablaze-Pokemon-Card-PACK-FRESH/393089945938?hash=item5b85fc9152%3Ag%3AOVQAAOSwQC1f59uN&LH_Auction=1
Pokemon Cards - Charizard EX 12/108 - Evolutions ,8.5,"Sold  Jan 16, 2021Sold Item",12 bids,https://www.ebay.com/itm/Pokemon-Cards-Charizard-EX-12-108-Evolutions/233853575398?hash=item3672c260e6%3Ag%3AqJoAAOSwDk1f-j2k&LH_Auction=1
Pokemon Cards - Charizard EX 11/106 - Evolutions ,8.5,"Sold  Jan 16, 2021Sold Item",10 bids,https://www.ebay.com/itm/Pokemon-Cards-Charizard-EX-11-106-Evolutions/274642532206?hash=item3ff1f8776e%3Ag%3AUW8AAOSwOlBf-jy5&LH_Auction=1
POKEMON CARD PSA 8 NM-MT CHARIZARD 136/135 SECRET RARE FULL ART PLASMA STORM.,600.0,"Sold  Jan 16, 2021Sold Item",5 bids,https://www.ebay.com/itm/POKEMON-CARD-PSA-8-NM-MT-CHARIZARD-136-135-SECRET-RARE-FULL-ART-PLASMA-STORM/224313278602?hash=item343a1d008a%3Ag%3A5JgAAOSwdwpf%7ENuq&LH_Auction=1
1999 Charizard Holo Base Set MINT PSA 9 Pokemon Card #4/102. *No Reserve*,1500.0,"Sold  Jan 16, 2021Sold Item",44 bids,https://www.ebay.com/itm/1999-Charizard-Holo-Base-Set-MINT-PSA-9-Pokemon-Card-4-102-No-Reserve/313375708800?hash=item48f6a5d680%3Ag%3AEE8AAOSwg%7EFf-jH4&LH_Auction=1
ðŸ”¥HOLO CHARIZARDðŸ”¥ | Holo Legendary Treasures Pokemon Card 19/113 |Â ,15.0,"Sold  Jan 16, 2021Sold Item",1 bid,https://www.ebay.com/itm/HOLO-CHARIZARD-Holo-Legendary-Treasures-Pokemon-Card-19-113/133629989228?hash=item1f1cf7d16c%3Ag%3AyakAAOSwHXtf9jlZ&LH_Auction=1
Reshiram & Charizard GX - SM Unbroken Bonds 20/214 - Half-Art Rare Pokemon Card,8.83,"Sold  Jan 16, 2021Sold Item",2 bids,https://www.ebay.com/itm/Reshiram-Charizard-GX-SM-Unbroken-Bonds-20-214-Half-Art-Rare-Pokemon-Card/324447639706?hash=item4b8a96189a%3Ag%3AIksAAOSwsJtf-iuk&LH_Auction=1
Slightly Damaged Charizard #6 1999 Topps Pokemon Card TV Animation Edition,8.5,"Sold  Jan 16, 2021Sold Item",2 bids,https://www.ebay.com/itm/Slightly-Damaged-Charizard-6-1999-Topps-Pokemon-Card-TV-Animation-Edition/313375664397?hash=item48f6a5290d%3Ag%3A6ZEAAOSwyY9f-iFd&LH_Auction=1
POKEMON CARD. CHARIZARD EX 105/112 RARE HOLO FIRE RED & LEAF GREEN 2004 LP-PL,232.5,"Sold  Jan 16, 2021Sold Item",32 bids,https://www.ebay.com/itm/POKEMON-CARD-CHARIZARD-EX-105-112-RARE-HOLO-FIRE-RED-LEAF-GREEN-2004-LP-PL/224310811086?hash=item3439f759ce%3Ag%3AO5QAAOSwEZ9f-iK9&LH_Auction=1
POKEMON CARD CHARIZARD 100/97 HOLO SECRET RARE EX DRAGON 2003 LP  L@@K!! ,142.5,"Sold  Jan 16, 2021Sold Item",13 bids,https://www.ebay.com/itm/POKEMON-CARD-CHARIZARD-100-97-HOLO-SECRET-RARE-EX-DRAGON-2003-LP-L-K/224310800829?hash=item3439f731bd%3Ag%3ArGIAAOSwU6lf-h8Z&LH_Auction=1
Pokemon Evolutions XY Charizard Reverse Holo Card NM,0.99,"Sold  Jan 16, 2021Sold Item",1 bid,https://www.ebay.com/itm/Pokemon-Evolutions-XY-Charizard-Reverse-Holo-Card-NM/313384381654?hash=item48f72a2cd6%3Ag%3ATS0AAOSwjdBgA06b&LH_Auction=1
Charizard V Shiny Pokemon Card,330.0,"Sold  Jan 16, 2021Sold Item",25 bids,https://www.ebay.com/itm/Charizard-V-Shiny-Pokemon-Card/164635390949?hash=item265508b3e5%3Ag%3AqcYAAOSwo79f-hmy&LH_Auction=1
Charizard 4/102 Pokemon Card Unlimited *RARE HOLO*,25.0,"Sold  Jan 16, 2021Sold Item",1 bid,https://www.ebay.com/itm/Charizard-4-102-Pokemon-Card-Unlimited-RARE-HOLO/184624266215?hash=item2afc76bbe7%3Ag%3AQwgAAOSw5aRgA1J8&LH_Auction=1
Charizard 3/110 HOLO RARE REV Pokemon Card Base Legendary Collection MINT PSA?,1521.07,"Sold  Jan 16, 2021Sold Item",38 bids,https://www.ebay.com/itm/Charizard-3-110-HOLO-RARE-REV-Pokemon-Card-Base-Legendary-Collection-MINT-PSA/254832110356?hash=item3b552d6b14%3Ag%3AVQ4AAOSwgZJf%7EJ1J&LH_Auction=1
BGS 9.5 - Charizard 11/108 -XY Evolutions - Holo Pokemon Card - PSA 10 Contender,800.0,"Sold  Jan 16, 2021Sold Item",1 bid,https://www.ebay.com/itm/BGS-9-5-Charizard-11-108-XY-Evolutions-Holo-Pokemon-Card-PSA-10-Contender/393095244185?hash=item5b864d6999%3Ag%3AmkAAAOSwjhtf%7E078&LH_Auction=1
Pokemon Vivid Voltage Build And Battle Promo Charizard Card,102.55,"Sold  Jan 16, 2021Sold Item",16 bids,https://www.ebay.com/itm/Pokemon-Vivid-Voltage-Build-And-Battle-Promo-Charizard-Card/393089705233?hash=item5b85f8e511%3Ag%3A5G0AAOSw4zdf-gNU&LH_Auction=1
RESHIRAM & CHARIZARD GX 20/214 POKEMON CARD UNBROKEN BONDS ULTRA RARE nm,8.5,"Sold  Jan 16, 2021Sold Item",5 bids,https://www.ebay.com/itm/RESHIRAM-CHARIZARD-GX-20-214-POKEMON-CARD-UNBROKEN-BONDS-ULTRA-RARE-nm/353347997695?hash=item52452e8fff%3Ag%3Ah8AAAOSwnKBf-f8o&LH_Auction=1
Charizard #4/102 1999 Base Set Holo Rare PokÃ©mon Card Pokemon NEAR MINT PSA?,199.0,"Sold  Jan 16, 2021Sold Item",1 bid,https://www.ebay.com/itm/Charizard-4-102-1999-Base-Set-Holo-Rare-Pokemon-Card-Pokemon-NEAR-MINT-PSA/284150122365?hash=item4228aac77d%3Ag%3AK18AAOSwJe9gAzgD&LH_Auction=1
CHARIZARD Holo Rare Base Set 2 Card No. 4/130 RARE Pokemon Near Mint NM English,899.99,"Sold  Jan 16, 2021Sold Item",1 bid,https://www.ebay.com/itm/CHARIZARD-Holo-Rare-Base-Set-2-Card-No-4-130-RARE-Pokemon-Near-Mint-NM-English/193851448429?hash=item2d22725c6d%3Ag%3A%7EhIAAOSwbgVfz%7Eid&LH_Auction=1
Pokemon Secret Ultra Rare GX FIRE 11 Card Lot Pack Fresh PSA 10 ? Charizard,101.86,"Sold  Jan 16, 2021Sold Item",24 bids,https://www.ebay.com/itm/Pokemon-Secret-Ultra-Rare-GX-FIRE-11-Card-Lot-Pack-Fresh-PSA-10-Charizard/143913583526?hash=item2181eb03a6%3Ag%3Az9UAAOSwHsxf-flP&LH_Auction=1
Rare charizard pokemon card,51.61,"Sold  Jan 16, 2021Sold Item",12 bids,https://www.ebay.com/itm/Rare-charizard-pokemon-card/402639863944?hash=item5dbf34c088%3Ag%3A1tEAAOSw7atf-eud&LH_Auction=1
Charizard Rare Reverse Holo 25/185 Vivid Voltage Pokemon Card Pack Fresh #2,11.88,"Sold  Jan 16, 2021Sold Item",12 bids,https://www.ebay.com/itm/Charizard-Rare-Reverse-Holo-25-185-Vivid-Voltage-Pokemon-Card-Pack-Fresh-2/363252683819?hash=item54938c142b%3Ag%3AQ8kAAOSwqo1f-fLQ&LH_Auction=1
Charizard Rare Reverse Holo 25/185 Vivid Voltage Pokemon Card Pack Fresh,14.26,"Sold  Jan 16, 2021Sold Item",11 bids,https://www.ebay.com/itm/Charizard-Rare-Reverse-Holo-25-185-Vivid-Voltage-Pokemon-Card-Pack-Fresh/363252682235?hash=item54938c0dfb%3Ag%3A0-4AAOSwQO9f-fIw&LH_Auction=1
Pokemon TCG SS Vivid Voltage 025/185 Charizard Reverse Holo Rare Card,12.5,"Sold  Jan 16, 2021Sold Item",9 bids,https://www.ebay.com/itm/Pokemon-TCG-SS-Vivid-Voltage-025-185-Charizard-Reverse-Holo-Rare-Card/254830143974?hash=item3b550f69e6%3Ag%3AZqIAAOSwZ-9frJCL&LH_Auction=1
Charizard SM226 Holo Black Star Promo Pokemon Card Near Mint,52.0,"Sold  Jan 16, 2021Sold Item",18 bids,https://www.ebay.com/itm/Charizard-SM226-Holo-Black-Star-Promo-Pokemon-Card-Near-Mint/133632763223?hash=item1f1d222557%3Ag%3Ap5cAAOSw3ctf-fCB&LH_Auction=1
Pokemon Champion's Path Charizard V Full Art PROMO SWSH050 Digital Card,2.25,"Sold  Jan 16, 2021Sold Item",2 bids,https://www.ebay.com/itm/Pokemon-Champions-Path-Charizard-V-Full-Art-PROMO-SWSH050-Digital-Card/353347920074?hash=item52452d60ca%3Ag%3AwVwAAOSwckFf6qM9&LH_Auction=1
Pokemon Charizard Base Set Unlimited Rare Holographic Card 4/102 Holo Foil,325.0,"Sold  Jan 16, 2021Sold Item",40 bids,https://www.ebay.com/itm/Pokemon-Charizard-Base-Set-Unlimited-Rare-Holographic-Card-4-102-Holo-Foil/203243424373?hash=item2f52408a75%3Ag%3AajwAAOSwVJZf-eiB&LH_Auction=1
Charizard - 025/185 - Rare Pokemon Card Vivid Voltage(Lot Of 2).,12.9,"Sold  Jan 16, 2021Sold Item",1 bid,https://www.ebay.com/itm/Charizard-025-185-Rare-Pokemon-Card-Vivid-Voltage-Lot-Of-2/383897854229?hash=item5962186115%3Ag%3ATDkAAOSwQrpf8hx7&LH_Auction=1
Pokemon Vivid Voltage | Charizard 025/185 | reverse Holo Rare Card NM,11.94,"Sold  Jan 16, 2021Sold Item",15 bids,https://www.ebay.com/itm/Pokemon-Vivid-Voltage-Charizard-025-185-reverse-Holo-Rare-Card-NM/333854244131?hash=item4dbb437d23%3Ag%3AFxIAAOSwTh1f-RcT&LH_Auction=1
Champions Path Secret Rare Shiny Charizard V 079 Card GEM MINT PSA 10 Pokemon ,655.0,"Sold  Jan 16, 2021Sold Item",32 bids,https://www.ebay.com/itm/Champions-Path-Secret-Rare-Shiny-Charizard-V-079-Card-GEM-MINT-PSA-10-Pokemon/224306910072?hash=item3439bbd378%3Ag%3ALioAAOSw97df5hzF&LH_Auction=1
Pokemon XY Evolutions Charizard 11/108 Rare Reverse Holo Card PSA 9,170.5,"Sold  Jan 16, 2021Sold Item",4 bids,https://www.ebay.com/itm/Pokemon-XY-Evolutions-Charizard-11-108-Rare-Reverse-Holo-Card-PSA-9/265015259003?epid=13040465738&hash=item3db423ef7b%3Ag%3AOIYAAOSwaNdgAbYJ&LH_Auction=1
DARK CHARIZARD 4/82 Holo Pokemon Card Team Rocket ,24.0,"Sold  Jan 16, 2021Sold Item",1 bid,https://www.ebay.com/itm/DARK-CHARIZARD-4-82-Holo-Pokemon-Card-Team-Rocket/353354602768?hash=item5245935910%3Ag%3A4REAAOSwwLBgAZ%7EM&LH_Auction=1
Pokemon XY Evolutions Charizard 11/108 Rare Reverse Holo Card,112.5,"Sold  Jan 16, 2021Sold Item",38 bids,https://www.ebay.com/itm/Pokemon-XY-Evolutions-Charizard-11-108-Rare-Reverse-Holo-Card/284144645232?epid=13040465738&hash=item4228573470%3Ag%3AKf8AAOSwvrRf65EA&LH_Auction=1
Charizard Base Set Unlimited Rare 1999 Holo Foil Holographic Pokemon Card 4/102,500.0,"Sold  Jan 16, 2021Sold Item",19 bids,https://www.ebay.com/itm/Charizard-Base-Set-Unlimited-Rare-1999-Holo-Foil-Holographic-Pokemon-Card-4-102/333852079862?hash=item4dbb2276f6%3Ag%3Aie0AAOSwuxBf-ZD%7E&LH_Auction=1
Charizard GX SM211 Black Star Promo ULTRA RARE Pokemon Card NEAR MINT,7.5,"Sold  Jan 16, 2021Sold Item",6 bids,https://www.ebay.com/itm/Charizard-GX-SM211-Black-Star-Promo-ULTRA-RARE-Pokemon-Card-NEAR-MINT/233855395807?hash=item3672de27df%3Ag%3A95kAAOSwnLdf%7ECSj&LH_Auction=1
Pokemon XY Evolutions Charizard 11/108 Rare Holo CardÂ psa? bgs? mint?gem?,103.5,"Sold  Jan 16, 2021Sold Item",3 bids,https://www.ebay.com/itm/Pokemon-XY-Evolutions-Charizard-11-108-Rare-Holo-Card-psa-bgs-mint-gem/193847992312?hash=item2d223d9ff8%3Ag%3ACpIAAOSw%7Ex1f9RlW&LH_Auction=1
Pokemon XY Evolutions Charizard 11/108 Rare Halo Card,96.0,"Sold  Jan 15, 2021Sold Item",15 bids,https://www.ebay.com/itm/Pokemon-XY-Evolutions-Charizard-11-108-Rare-Halo-Card/324449035694?hash=item4b8aab65ae%3Ag%3Ab7wAAOSw3fFf-%7E-d&LH_Auction=1
Charizard 025/185 Reverse Holo & Non Holo Pokemon Cards Charizard Vivid Voltage,18.5,"Sold  Jan 15, 2021Sold Item",6 bids,https://www.ebay.com/itm/Charizard-025-185-Reverse-Holo-Non-Holo-Pokemon-Cards-Charizard-Vivid-Voltage/383895414544?hash=item5961f32710%3Ag%3AOa4AAOSwcUZf-Ubd&LH_Auction=1
Pokemon Shining Charizard Neo Destiny 107/105 Card Holographic,690.0,"Sold  Jan 15, 2021Sold Item",5 bids,https://www.ebay.com/itm/Pokemon-Shining-Charizard-Neo-Destiny-107-105-Card-Holographic/324451174283?hash=item4b8acc078b%3Ag%3A24IAAOSwvHtf9%7ECx&LH_Auction=1
Pokemon Hidden Fates - 5 Card Lot - CharizardÂ ,14.0,"Sold  Jan 15, 2021Sold Item",4 bids,https://www.ebay.com/itm/Pokemon-Hidden-Fates-5-Card-Lot-Charizard/133634136144?hash=item1f1d371850%3Ag%3AyzkAAOSwI-hf--er&LH_Auction=1
Charizard Legendary Collection 3/110 Holo WOTC Pokemon Card - Rare,177.5,"Sold  Jan 15, 2021Sold Item",33 bids,https://www.ebay.com/itm/Charizard-Legendary-Collection-3-110-Holo-WOTC-Pokemon-Card-Rare/265007130211?hash=item3db3a7e663%3Ag%3Akp4AAOSwjs5f-UAf&LH_Auction=1
POKEMON | Charizard 5/18 Holo | Charmander 4/18 | Bulbasaur 1/18 | *6 Card Lot*Â ,10.49,"Sold  Jan 15, 2021Sold Item",2 bids,https://www.ebay.com/itm/POKEMON-Charizard-5-18-Holo-Charmander-4-18-Bulbasaur-1-18-6-Card-Lot/284146383176?hash=item422871b948%3Ag%3A9sEAAOSwo99f%7EoYW&LH_Auction=1
Charizard V Champions Path Promo Card - Pokemon TCGÂ ,17.5,"Sold  Jan 15, 2021Sold Item",7 bids,https://www.ebay.com/itm/Charizard-V-Champions-Path-Promo-Card-Pokemon-TCG/133634128462?hash=item1f1d36fa4e%3Ag%3A8HYAAOSwpixf--DO&LH_Auction=1
Charizard Legendary Collection 3/110 Non Holo Near Mint - Mint WOTC Pokemon Card,109.5,"Sold  Jan 15, 2021Sold Item",29 bids,https://www.ebay.com/itm/Charizard-Legendary-Collection-3-110-Non-Holo-Near-Mint-Mint-WOTC-Pokemon-Card/265007124286?hash=item3db3a7cf3e%3Ag%3Ak4gAAOSwloFf-Tyt&LH_Auction=1
Pokemon TCG XY Evolutions Charizard 11/108 Rare Holo Card 2016,107.5,"Sold  Jan 15, 2021Sold Item",16 bids,https://www.ebay.com/itm/Pokemon-TCG-XY-Evolutions-Charizard-11-108-Rare-Holo-Card-2016/233857696589?epid=13040465738&hash=item367301434d%3Ag%3Ak4cAAOSwNIJf%7EVRD&LH_Auction=1
BLAINE'S CHARIZARD 2/132 - GYM CHALLENGE SET POKEMON HOLO FOIL RARE CARD ERROR ,127.5,"Sold  Jan 15, 2021Sold Item",16 bids,https://www.ebay.com/itm/BLAINES-CHARIZARD-2-132-GYM-CHALLENGE-SET-POKEMON-HOLO-FOIL-RARE-CARD-ERROR/402639344645?hash=item5dbf2cd405%3Ag%3AfGwAAOSwimdf-TPJ&LH_Auction=1
BGS 9 MINT Charizard 11/108 XY Evolutions HOLO RARE Pokemon Card,330.0,"Sold  Jan 15, 2021Sold Item",1 bid,https://www.ebay.com/itm/BGS-9-MINT-Charizard-11-108-XY-Evolutions-HOLO-RARE-Pokemon-Card/383904978118?hash=item59628514c6%3Ag%3AuQsAAOSwy6ZgAkQs&LH_Auction=1
Charizard Base Set Unlimited Rare 1999 Holo Foil Holographic Pokemon Card 4/102,455.0,"Sold  Jan 15, 2021Sold Item",51 bids,https://www.ebay.com/itm/Charizard-Base-Set-Unlimited-Rare-1999-Holo-Foil-Holographic-Pokemon-Card-4-102/114620861841?hash=item1aafef8d91%3Ag%3As8AAAOSwZ5Vf-S5O&LH_Auction=1
DARK CHARIZARD Pokemon Card Team Rocket non-Holo 21/82 GREAT CONDITION,61.0,"Sold  Jan 15, 2021Sold Item",17 bids,https://www.ebay.com/itm/DARK-CHARIZARD-Pokemon-Card-Team-Rocket-non-Holo-21-82-GREAT-CONDITION/373424696751?hash=item56f1d8adaf%3Ag%3A49kAAOSwy-Ff-8vu&LH_Auction=1
Charizard V SWSH050 - Black Star Promo Holo Rare Full Art Pokemon Card Unopened,9.99,"Sold  Jan 15, 2021Sold Item",1 bid,https://www.ebay.com/itm/Charizard-V-SWSH050-Black-Star-Promo-Holo-Rare-Full-Art-Pokemon-Card-Unopened/383895285301?hash=item5961f12e35%3Ag%3AKHAAAOSwpElf-Rlf&LH_Auction=1
Pokemon New & Sealed Charizard SWSH066 Vivid Voltage PRERELEASE Card & Deck,149.0,"Sold  Jan 15, 2021Sold Item",1 bid,https://www.ebay.com/itm/Pokemon-New-Sealed-Charizard-SWSH066-Vivid-Voltage-PRERELEASE-Card-Deck/184623079061?hash=item2afc649e95%3Ag%3AmbgAAOSwAbFgAlCx&LH_Auction=1
Charizard #4/102 1999 Base Set Holo Foil Rare PokÃ©mon Card Pokemon Vintage,700.0,"Sold  Jan 15, 2021Sold Item",49 bids,https://www.ebay.com/itm/Charizard-4-102-1999-Base-Set-Holo-Foil-Rare-Pokemon-Card-Pokemon-Vintage/254829532071?hash=item3b550613a7%3Ag%3AKyAAAOSwFVVf-QCK&LH_Auction=1
Pokemon XY Evolutions Charizard 11/108 Rare Reverse Holo Card SHOULD BE A 10,150.87,"Sold  Jan 15, 2021Sold Item",48 bids,https://www.ebay.com/itm/Pokemon-XY-Evolutions-Charizard-11-108-Rare-Reverse-Holo-Card-SHOULD-BE-A-10/402646164393?hash=item5dbf94e3a9%3Ag%3AkNQAAOSwfR5f6jIH&LH_Auction=1
Shiny Charizard GX MINT Hidden Fates SV49/SV94 Pokemon Card,530.0,"Sold  Jan 15, 2021Sold Item",34 bids,https://www.ebay.com/itm/Shiny-Charizard-GX-MINT-Hidden-Fates-SV49-SV94-Pokemon-Card/184613328299?hash=item2afbcfd5ab%3Ag%3A0NwAAOSwT0Vf-Pxk&LH_Auction=1
Pokemon Charizard V SWSH050 Champions Path Promo Full Art Card BRAND NEW SEALED,10.0,"Sold  Jan 15, 2021Sold Item",6 bids,https://www.ebay.com/itm/Pokemon-Charizard-V-SWSH050-Champions-Path-Promo-Full-Art-Card-BRAND-NEW-SEALED/363254166858?hash=item5493a2b54a%3Ag%3Ai40AAOSwk6Bf-6AE&LH_Auction=1
2020 SEALED CHAMPIONS PATH FULL ART PROMO CARD POKEMON CHARIZARD V SW,8.75,"Sold  Jan 15, 2021Sold Item",4 bids,https://www.ebay.com/itm/2020-SEALED-CHAMPIONS-PATH-FULL-ART-PROMO-CARD-POKEMON-CHARIZARD-V-SW/353347165102?hash=item524521dbae%3Ag%3AVOIAAOSwei5f-Pmk&LH_Auction=1
MEGA M CHARIZARD EX 69/106 Ultra Secret Rare Pokemon Holo Flashfire Card,42.0,"Sold  Jan 15, 2021Sold Item",12 bids,https://www.ebay.com/itm/MEGA-M-CHARIZARD-EX-69-106-Ultra-Secret-Rare-Pokemon-Holo-Flashfire-Card/193841955144?hash=item2d21e18148%3Ag%3A2nkAAOSw2LRf-PjY&LH_Auction=1
"Charizard Evolutions Vivid Voltage Reverse Holos, Rare Pokemon Card 023-025/ 185",12.5,"Sold  Jan 15, 2021Sold Item",4 bids,https://www.ebay.com/itm/Charizard-Evolutions-Vivid-Voltage-Reverse-Holos-Rare-Pokemon-Card-023-025-185/383895025406?hash=item5961ed36fe%3Ag%3AZnsAAOSw0jJf5%7EJf&LH_Auction=1
